ref_id,source_file,text
1,ch02_01,光復初期，全省分設八縣九省轄市，台北縣包括今宜蘭縣，新竹縣包括今桃園、新竹、苗栗三縣。《台灣省通志》，〈卷一土地志〉，疆域篇，冊一，台灣省文獻委員會，民五九年六月，頁七五。
2,ch02_01,《台灣新生報》，民卅六年二月廿八日，「查緝私煙肇禍，昨晚擊市民二名」；吳濁流，《無花果》，美國加州：台灣出版社，一九八四年，頁一七四；王育德，《台灣：苦悶的歷史》，東京：著者自刊，一九七九年，台北，自立晚報，頁一五七；林木順，《台灣二月革命》，一九九一，台北，前衛報，頁九～十；黃存厚輯，《「二二八」事變始末記》，台中：掃蕩報社，民卅六年，頁二；陳鳴鐘、陳興唐主編，《台灣光復和光復後五年省情》，南京：南京出版社，一九八九年；「台灣省高等法院及警備總司令部軍法處關於『二、二八』事件起因調查訊問筆錄」，民卅六年二月廿八日；台灣省警備總司令部印，《台灣省「二二八」事變記事》，台北：該部，民卅六年四月，頁七；台灣省行政長官公署新聞室編，《台灣暴動事件紀實》，台北：該室，民卅六年四月，頁二；《台灣新生報》，民卅六年三月四日；唐賢龍，《台灣事變面面觀》，南京：中國新新聞社，民卅六年六月，頁八四；戴國煇、葉芸芸，〈愛憎二二八，神話與史實：解開歷史之謎〉，台北，遠流出版公司，一九九二年，頁一九○～一九三。又，一目擊者曰：查緝員開三槍，陳文溪被射中腹部，跑至大光明戲院倒下，台北市民何國祥自述文。又曰事件發生地點是在永樂戲院對面之亭仔腳（騎樓），而非天馬茶房（黑美人酒家）之亭仔腳，見「大稻埕耆老座談會紀錄」，《台北文獻》，直99，民八一年三月，頁二四，李添福發言。
3,ch02_01,同上。又，「大稻埕耆老座談會紀錄」，《台北文獻》，直99，民八一年三月，頁一八，王雲青發言。
4,ch02_01,〈專賣局為「二、二七」夜緝私發生糾紛事呈警備總部報告全文〉，《專賣業務特刊》，頁一四～六九；翟羽，〈台變十日記〉，《台灣月刊》，第六期，民卅六年四月十日，頁三一。
5,ch02_01,王育德，頁一五八；唐賢龍，頁八六～八七；戴國煇、葉芸芸，頁一九五～一九六。
6,ch02_01,林木順，頁十。
7,ch02_01,《台灣暴動事件紀實》，頁一。
8,ch02_01,《台灣省「二二八」事變記事》，頁七。
9,ch02_01,《台灣新生報》，民卅六年二月廿八日。
10,ch02_01,唐賢龍，頁八五～八六；林木順，《台灣二月革命》，台北：前衛出版社，一九九一年，頁九～一○；王建生、陳婉真、陳湧泉，《一九四七台灣二二八革命》，台北：前衛出版社，一九九○年，頁九八～九九；林啟旭，《二二八事件綜合研究》，東京：二二八出版社，民七三年初版，七七年再版，頁三一～三二。
11,ch02_01,陳鳴鐘、陳興唐主編，頁五七五。
12,ch02_01,同上，頁五八三。
13,ch02_01,《台灣新生報》，民卅六年四月六日。
14,ch02_01,《台灣暴動事件紀實》，頁一；《台灣省「二二八」事變記事》，頁七。
15,ch02_01,《台灣暴動事件紀實》，頁一～二。
16,ch02_01,黃富三，民八十年十月三日，訪廖德雄，於廖宅；張益贍，〈廖進平、廖德雄父子於二二八〉，《自立晚報》，民八一年三月二日。
17,ch02_01,戴國煇、葉芸芸，頁一九一。
18,ch02_01,〈關於私煙私酒問題〉，《台灣新生報》，民卅五年十一月十九日，社論；楊逸舟著、張良澤譯，《受難者》，台北：前衛出版社，一九九○年，頁一○四。又據陳盤谷（陳炘之子）表示，陳儀被蒙蔽，因此，專賣局官員以專賣局煙紙包裝「三五」牌煙絲置其桌上，陳儀嚐後，大為讚賞。
19,ch02_01,〈二二八事件經過〉，《台灣新生報》，民卅六年三月四日。
20,ch02_01,林木順，頁九。
21,ch02_01,〈延平路事件感言〉，《台灣新生報》，民卅六年三月一日。
22,ch02_01,《民報》，民卅五年十二月九日。據林木順，《台灣二月革命》一書，十二月底，基隆發生緝私員打死煙販事件，見林木順，頁十。但查《民報》，十二月底並無此項報導，疑為十二月九日射傷事件之誤傳。
23,ch02_01,林木順，頁十；林啟旭，頁三二。
24,ch02_01,〈二二八事件經過〉，《台灣新生報》，民卅六年三月四日；其他公私出版品均有類似記載，例如《台灣省「二二八」事變記事》、《台灣暴動事件紀實》及林木順、林啟旭、唐賢龍等作品，不贅；又有謂鬧事領導人是台大學生吳裕德及中共「台灣省工作委員會」所發展的幹部，此說待考。見蘇僧、郭建成，《拂去歷史明鏡中的塵埃》，美國加州：南華文化事業公司，一九八六年，頁一五～一六。又，據目擊者王雲青，抗議群眾由陳茂己領隊，陳秉足（外號密婆）打鼓，見「大稻埕耆老座談會紀錄」，同前引文，頁一八。
25,ch02_01,"〈二二八事件的經過〉，《台灣新生報》，民卅六年三月四日。一九四七年三月一日，淡水英領事館予南京英國大使之報告，Public Record office, FO/371/63425, xc194389, No.12"
26,ch02_01,同上。
27,ch02_01,「大稻埕耆老座談會紀錄」，頁二一、二五。
28,ch02_01,唐賢龍，前引文，頁八八。
29,ch02_01,林木順，頁一三。
30,ch02_01,〈二二八事件經過〉，《台灣新生報》，民卅六年三月四日；唐賢龍宅。見證人周傳枝稱；隊伍前有一巨大橫幅，上書「嚴懲兇手，殺人償命」，牛皮大鼓發出震耳鼓聲，擊鼓手是周清波，是大稻埕流氓頭之一，後改名林火。見戴國煇、葉芸芸《愛憎二二八》，頁二○四。
31,ch02_01,同上。
32,ch02_01,《台灣省「二二八」事變記事》，頁七；《台灣暴動事件紀實》，頁二。
33,ch02_01,王康，〈二二八事變親歷記〉，《加州論壇報》，民七一年，轉載於《在野者論壇》，第一號，頁一三一～一三二。
34,ch02_01,同上，頁一三二。
35,ch02_01,陳俐甫，〈二二八事件中長官公署前的第一槍〉，氏著，《禁忌、原罪、悲劇》，台北：稻鄉出版社，民七九年，頁五二～五三。
36,ch02_01,林木順，頁一三；唐賢龍，頁八九。
37,ch02_01,楊逸舟，《二二八民變》，台北：前衛。民八十，頁七八。
38,ch02_01,George H.Kerr著、陳榮成譯，《被出賣的台灣》，頁二三○；林啟旭，同10，頁二五。
39,ch02_01,Public Record Office。同25。
40,ch02_01,當時中央社駐台特派員葉明勳先生亦證實此點。民八十年十二月九日，二二八研究小組會上發言。
41,ch02_01,何國祥先生筆錄。
42,ch02_01,戴國煇、葉芸芸《愛憎二二八》，頁二○四～二○五。
43,ch02_01,周夢江，〈二二八事變見聞記〉，葉芸芸編，《證言2．28》，台北：人間出版社，民七九年，頁一六八。
44,ch02_01,黃富三、吳文星、賴澤涵，民八十年十二月十六日，訪陳知青，於台北市寶慶路台糖大樓。
45,ch02_01,〈二二八事變後台胞傷亡調查表〉，台灣省警備總司令部檔案：其他，頁五～六。
46,ch02_01,"林木順，頁一四。有曰電台未被佔。但多數作品、見證人均稱僅短暫被佔，如一九四七年三月一日，英商怡和洋行之報告，Public Record Office, FO/371/63425, p.24。〈呂泉生──談音樂因緣與二二八的經歷〉，《自立晚報》，民八一年三月二日。黃富三、阮美姝，民八一年九月十四日，訪陳秀蓉，於士林陳宅。民國八一年七月，訪林忠，於「釣以清心」餐廳。"
47,ch02_01,林木順，頁一四～一五；「總戰字第二五八六號」，台灣省警備總司令部檔案：其他，頁三七。
48,ch02_01,林木順，頁一四～一五。
49,ch02_01,「警總軍法處民國三十六年三月二日通報」，台灣省警備總司令部檔案：其他，頁四六。
50,ch02_01,唐賢龍，頁九○。又，據朱文伯一九七三年之「七十回憶」，他在延平北路被迫下車，腿部扭傷，並未被毆。張炎憲、李筱峰編，《二二八事件回憶集》，稻香出版社，民七九年，頁一一○。
51,ch02_01,同上；呂泉生在廿八日中午，見東門口（今中央黨部）前，有一人力車上之外省婦被拉下毆打。見〈呂泉生——談音樂因緣與二二八的經歷〉，《自立晚報》，民八一年三月二日。
52,ch02_01,唐賢龍，頁九○～九一。
53,ch02_01,《台灣省「二二八」事變記事》，頁七；唐賢龍，頁九一～九二。
54,ch02_01,戴國煇、葉芸芸，《愛憎二二八》，頁二一五～二一七。
55,ch02_01,汪彝定，《走過關鍵年代》，台北：商周文化事業股份有限公司，一九九一年，頁五六～五七。
56,ch02_01,同上，頁五九。
57,ch02_01,Public Record Office，前引文。
58,ch02_01,〈二二八事件經過〉，《台灣新生報》，民卅六年三月四日。
59,ch02_01,林木順(Ａ)，頁一七～一九。
60,ch02_01,謝聰敏，〈訪謝娥女士談二二八〉，陳芳明編，《台灣戰後史料選》，台北：二二八和平日促進會，一九九一年，頁三九○～三九一。
61,ch02_01,《台灣新生報》，民卅六年三月二日；林啟旭，頁四二。林著所引文字與原文有出入，其他訪問作品亦然。《二二八事件回憶集》，頁一五九，〈杜聰明的回憶〉。
62,ch02_01,鄧孔昭編，《二二八起義資料集》，下冊，廈門：廈門大學台灣研究所，一九八一年，頁八七～八八；《台灣暴動事件紀實》，頁四。
63,ch02_01,林啟旭，前引書，頁四三。
64,ch02_01,林木順，頁二一。
65,ch02_01,《台灣新生報》，民卅六年三月三日。
66,ch02_01,同上。
67,ch02_01,蔣渭川，〈二二八事變與台灣省政治建設協會之關係〉，黨史會檔案，頁七。
68,ch02_01,《台灣省「二二八」事變記事》，頁九；「李翼中致陳立夫函」，黨史會檔案，民卅八年六月廿五日。
69,ch02_01,「李翼中致陳立夫函」，頁二四～二六。按：台人稱大陸人為唐山人，對抗戰時期赴大陸而於戰後返台者，則稱為「半山」。有關半山問題，參見J.B.Jacobs著、陳俐甫等譯，〈台灣人與中國國民黨1937～1945——台灣「半山人」的起源〉，《台灣風物》，四十卷二期，民七九年六月，頁十七～五四。
70,ch02_01,浦薛鳳稱蔣氏屢至其官邸暗示其社會潛在勢力，並明言懷抱政治願望。見氏著，《相見時難別亦難》，台北：商務印書館，頁四二。丘念台祕書林憲稱：蔣氏「愛出鋒頭，脾氣有一點暴躁，亂罵人，他利用他老哥蔣渭水的聲望與國民黨拉上線，而組織了『政治建設協會』，準備一顯身手。」，參見林憲、戴國煇，〈二、二八前前後後的丘念台〉，葉芸芸編，《證言2．28》，頁一四五。
71,ch02_01,王世慶，〈黃旺成先生訪問紀錄〉，黃富三、陳俐甫編，《近現代台灣口述歷史》，台北：林本源中華文教基金會與台大歷史系，民八十年七月，頁九五。
72,ch02_01,同前，葉芸芸編，頁一四五。葉芸芸，〈三位台灣新聞工作者的回憶——訪吳克泰、蔡子民、周青〉，葉芸芸編，頁一○二。
73,ch02_01,柯遠芬，《台灣二二八事變之真像》，民七八年七月三十日撰（手稿，現藏於中央研究院近代史研究所檔案館），頁二三～二四。
74,ch02_01,〈陳炎生呈國民黨中央組織部文〉，黨史會檔案，民卅六年七月八日，頁三四～三七；蔣渭川，〈二二八事變與台灣省政治建設協會之關係〉，黨史會檔案，頁七。
75,ch02_01,《大公報》，民卅六年一月九日，九版。
76,ch02_01,莊嘉農（蘇新），《憤怒的台灣》，一九四九年初版，台北：前衛出版社，一九八○年重刊，頁一四五；賴澤涵、許雪姬，民八一年一月二十日，訪柯遠芬，於美國洛杉磯；柯遠芬，〈事變十日記〉，《台灣新生報》，民卅六年五月十三日。
77,ch02_01,蔣渭川，《二二八事變始末記》，台北：作者家屬自印，一九九一年，頁四、六～七。
78,ch02_01,李翼中，〈台灣二二八事件日錄〉，《帽簷述事》，台北：未刊稿，民四一年，頁三～四。
79,ch02_01,蔣渭川，前引書，頁七；李翼中，同上，頁五。
80,ch02_01,李翼中暗批陳儀，但二二八鬧大後，也緊張了，希望趕快平靜下來。李翼中，前引文，頁三、五；又見陳三井、許雪姬，〈二二八事變的回憶——林衡道先生訪問紀錄〉，《口述歷史》，第二期，台北：中央研究院近代史研究所，民八十年二月一日，頁二二四～二二五；黃富三，民八十年四月廿二日，訪陳重光，於台灣電視公司。
81,ch02_01,蔣渭川，前引書，頁八～九。其中細節暫省略不贅述；《台灣新生報》，民卅六年三月三日；《台灣暴動事件紀實》，頁五。
82,ch02_01,蔣渭川，頁九；《台灣暴動事件紀實》，頁五。
83,ch02_01,蔣渭川，前引書，頁一五。
84,ch02_01,同上。
85,ch02_01,〈陳炎生呈國民黨中央組織部文〉，頁三四～三七。
86,ch02_01,柯遠芬，前引文，頁二五。
87,ch02_01,《台灣新生報》，民卅六年三月四日。
88,ch02_01,柯遠芬，〈事變十日記〉，《台灣新生報》，民卅六年五月十五日。
89,ch02_01,蔣渭川，前引書，頁二七～二八；賴澤涵、許雪姬，民八一年一月二十日，訪柯遠芬，於美國洛杉磯。
90,ch02_01,蔣渭川，前引書，頁一七～二○。
91,ch02_01,《台灣暴動事件紀實》，頁六；《台灣新生報》，民卅六年三月三日。
92,ch02_01,林啟旭，前引書，頁四七。
93,ch02_01,《台灣新生報》，民卅六年三月四日。
94,ch02_01,林啟旭，前引書，頁四七。
95,ch02_01,柯遠芬，頁三三。
96,ch02_01,《台灣新生報》，民卅六年三月四日。
97,ch02_01,《台灣新生報》，民卅六年三月四日；唐賢龍，前引文，頁一○五～一○七；《被出賣的台灣》，頁二四○。
98,ch02_01,《台灣新生報》，民卅六年三月四日。
99,ch02_01,同上。
100,ch02_01,同上。
101,ch02_01,蔣渭川，前引書，頁三七～四一。
102,ch02_01,林木順，頁二四～二五。
103,ch02_01,蔣渭川，前引書，頁三七。
104,ch02_01,林木順，頁二七；莊嘉農，前引書，頁一四五；林啟旭，前引書，頁五七。
105,ch02_01,「台灣忠義服務總隊報告，忠字第４號」，台灣省警備總司令部檔案：其他，頁七～八。
106,ch02_01,「台灣忠義服務總隊報告，忠字第５號」，台灣省警備總司令部檔案：其他，頁五六～五七。
107,ch02_01,黃富三，民八十年十月廿八日，訪葉明勳，於台北中信大樓。
108,ch02_01,柯遠芬口述，〈陳儀硬不認錯否則不會死〉，《民眾日報》，民八一年二月廿九日。
109,ch02_01,民國三十八年仍見有許氏呈警總之報告，見「青年救國團案」，《警務處檔案，p38》，民卅八年五月卄三日，頁十六～十八。
110,ch02_01,唐賢龍，頁一○八。
111,ch02_01,黃富三，民八十年十月三日，訪廖德雄，於廖宅；張益贍，前引文。
112,ch02_01,林木順，頁二七～二八。
113,ch02_01,林木順，頁二五。
114,ch02_01,《台灣新生報》，民卅六年三月五日。
115,ch02_01,同上。
116,ch02_01,同上。
117,ch02_01,同上。
118,ch02_01,唐賢龍，頁一一○。
119,ch02_01,唐賢龍，頁一一一～一一二；《台灣新生報》，民卅六年三月五日。
120,ch02_01,《台灣新生報》，民卅六年三月五日。
121,ch02_01,《台灣新生報》，民卅六年三月六日；唐賢龍，前引文，頁一一三～一一四。
122,ch02_01,《台灣新生報》，民卅六年三月五日。
123,ch02_01,同上。
124,ch02_01,《台灣新生報》，民卅六年三月六日。
125,ch02_01,唐賢龍，頁一一四。
126,ch02_01,《台灣新生報》，民卅六年三月六日。
127,ch02_01,同上。
128,ch02_01,唐賢龍，前引文，頁一一六。
129,ch02_01,葉芸芸，〈「山水亭」舊事──陳逸松談二、二八前後的蘇新、林日高、李友邦、林添丁和呂赫若〉葉芸芸編，《證言2．28》，頁一一五。
130,ch02_01,同上；李翼中，前引文，頁八、十。
131,ch02_01,《台灣新生報》，民卅六年三月七日。
132,ch02_01,《台灣新生報》，民卅六年三月七日；唐賢龍，頁一一六～一一七。
133,ch02_01,《台灣新生報》，民卅六年三月八日。
134,ch02_01,蘇新，〈王添灯事略〉，葉芸芸編，頁五二。
135,ch02_01,蘇新，〈關於二二八事件處理委員會〉，葉芸芸編，頁六三～六四。
136,ch02_01,同129。
137,ch02_01,黃富三等，民八一年五月廿四日，訪谷正文，於「釣以清心」餐廳。
138,ch02_01,《台灣新生報》，民卅六年三月八日；唐賢龍，頁一一九～一二○。
139,ch02_01,《台灣新生報》，民卅六年三月八日。
140,ch02_01,同上。
141,ch02_01,同上。
142,ch02_01,唐賢龍，頁一二一～一二四。
143,ch02_01,葉芸芸，〈三位台灣新聞工作者的回憶〉，葉芸芸編，《證言2．28》頁九九。
144,ch02_01,林木順(Ａ)，頁三三～三四；莊嘉農，頁一四○。
145,ch02_01,黃富三，民八十年十月三日，訪廖德雄，於廖宅。
146,ch02_01,《台灣新生報》，民卅六年三月八日。
147,ch02_01,唐賢龍，頁一二○。
148,ch02_01,《台灣新生報》，民卅六年三月九日。
149,ch02_01,同上。
150,ch02_01,林木順，頁四九；其他著作似抄此，如林啟旭，頁七三；王建生、陳婉真、陳湧泉，頁一一八。
151,ch02_01,《台灣暴動事件紀實》，頁三；柯遠芬，頁五一～五二。
152,ch02_01,民卅六年五月十日，林日高函金益先生，其子林益先生提供。
153,ch02_01,林木順，頁四九；《台灣暴動事件紀實》，頁三；林啟旭，頁七三。
154,ch02_01,林木順，頁四九～五○；王建生、陳婉真、陳湧泉，頁一三九。
155,ch02_01,阮美姝，《幽暗角落的泣聲》，頁六六～六七。
156,ch02_01,〈林頂立呈參謀長柯轉總司令陳〉，民卅六年三月九日下午，台灣省警備總司令部檔案：事件原因及初期狀況。
157,ch02_01,黃富三，民八十年八月廿四日，訪徐清松，於徐宅。
158,ch02_01,《台灣新生報》，民卅六年三月七日。
159,ch02_01,黃富三，民八十年十一月廿八日，訪曹賜固（事件時台北縣參議員）先生，於曹宅。
160,ch02_01,林木順(Ａ)，頁四九；林啟旭，頁七八；王建生、陳婉真、陳湧泉，頁一一八。
161,ch02_01,台灣省警備總司令部檔案：事件原因及初期狀況，頁五四～五五。
162,ch02_01,《台灣暴動事件紀實》，頁三；林木順，頁五一；王建生、陳婉真、陳湧泉，頁一一八。
163,ch02_01,林木順，頁五九；林啟旭，頁七九；王建生、陳婉真、陳湧泉，頁一二七。
164,ch02_01,同159
165,ch02_01,林木順，頁五一；林啟旭，頁七九；王建生、陳婉真、陳湧泉，頁一二七；台灣省警備總司令部第三處第一課，三月三日通報軍法處，稱三月二日前被搶，戰一字第四一號，台灣警備總司令部檔案：其他，頁四六。
166,ch02_01,林木順，頁五一；王建生、陳婉真、陳湧泉，頁一二七。
167,ch02_01,民八十年十一月三日，訪淡水紀榮達先生。
168,ch02_01,"一九四七年三月三日，英國駐淡水代領事G.M.Tingle呈南京英國駐華大使Sir R.S.Stevenson文，Public Record OfficeFO/371/63425, 194413, No.13, pp.1-2."
169,ch02_01,林木順，頁五一；王建生、陳婉真、陳湧泉，頁一二七。
170,ch02_01,王建生、陳婉真、陳湧泉合著，頁二一○；林啟旭，則曰三月七日，見頁七九。
171,ch02_01,林頂立呈報柯參謀長轉陳總司令之報告，民卅六年三月九日下午，忠字第五號，台灣省警備總司令部檔案：事件原因及初期狀況，頁五一七。
172,ch02_01,《台灣省「二二八」事變記事》，頁四八。
173,ch02_01,《警務處，P-3613-(5)》，民卅六年三月廿五日，人事室主任呈報警務處長王「為二二八事件叛徒陳日泉等乘機槍劫慘殺、敲詐，請派員查明逮捕由」，原報告稱十餘名，後鄭聰明供稱有二、三十人。
174,ch02_01,同上，民卅六年五月四日，蔡復勝訊問筆錄。
175,ch02_01,同上。
176,ch02_01,同上。
177,ch02_01,民卅六年五月廿三日，台北縣政府呈警總「處理人犯及現押人犯表」，台灣省警備總司令部檔案：案犯處理(一)，頁一七～一八。
178,ch02_01,同上。
179,ch02_01,蘇僧、郭建成，頁二二。
180,ch02_01,林木順，頁五三；林啟旭，頁八○。
181,ch02_01,王建生、陳婉真、陳湧泉，頁一二八；林啟旭，頁八○。
182,ch02_01,林木順，頁五三～五四。林啟旭，頁八○。
183,ch02_01,朱文伯，〈二二八被毆記〉，《台灣月刊》，第六期，民卅六年四月十日，頁二七。
184,ch02_01,林木順，頁五四。
185,ch02_01,王建生、陳婉真、陳湧泉，頁一二八。
186,ch02_01,柯遠芬，〈事變十日記〉，《台灣新生報》，民卅六年五月十二日。
187,ch02_01,林木順，頁五五。
188,ch02_01,林木順，頁五四。
189,ch02_01,林啟旭，頁八一；胡佛，〈行政院「二二八事件」研究報告意見書〉，民八一年二月十日，頁五。
190,ch02_01,蘇僧、郭建成，頁二四○。
191,ch02_01,林木順，頁五八。
192,ch02_01,同190
193,ch02_01,林木順，頁五五。
194,ch02_01,蘇僧、郭建成，頁二三。
195,ch02_01,蘇僧、郭建成，頁二三；陳貞彬(5)。
196,ch02_01,蘇僧、郭建成，頁二四。
197,ch02_01,蘇僧、郭建成，頁二三。
198,ch02_01,林木順，頁五八；陳貞彬(5)，陳鼐文件。
199,ch02_01,陳貞彬(6)a，呈新竹綏靖司令電。
200,ch02_01,陳貞彬(5)。
201,ch02_01,陳貞彬，呈陳儀電。
202,ch02_01,陳貞彬(5)，陳鼐文件。
203,ch02_01,陳貞彬文件(1)，呈陳儀電。
204,ch02_01,楊亮功、何漢文，〈二二八事件調查報告及處理經過〉，收於李敖編《二二八研究》，台北：李敖出版社，一九八九年，第一冊，頁六六～六七。
205,ch02_01,陳貞彬(6)a，呈新竹綏靖區司令電。
206,ch02_01,陳貞彬(6)a。
207,ch02_01,楊亮功、何漢文，前引文，頁六七。
208,ch02_01,陳貞彬(5)，陳鼐文件。
209,ch02_01,王建生、陳婉真、陳湧泉，頁一七四。
210,ch02_01,林木順(Ａ)，頁五八。
211,ch02_01,王建生、陳婉真、陳湧泉，頁一四○。
212,ch02_01,林木順(Ａ)，頁五八。
213,ch02_01,陳貞彬(5)，陳鼐文件，台灣省警備總司令部檔案。
214,ch02_01,陳貞彬(6)a，呈新竹綏靖司令部電，同上。
215,ch02_01,陳貞彬(5)，陳鼐文件，同上。
216,ch02_01,王建生、陳婉真、陳湧泉，頁一九二～一九三。
217,ch02_01,同上，頁二一一。
218,ch02_01,同上，頁二二八。
219,ch02_01,陳貞彬(6)a，呈新竹綏靖司令部電，台灣省警備總司令部檔案。
220,ch02_01,陳貞彬(6)a，同上。
221,ch02_01,陳貞彬文件(6)（楊亮功報告），同上。
222,ch02_01,陳貞彬(6)a，呈新竹綏靖區司令電，同上。
223,ch02_01,陳貞彬(8)，I Was Elected Active Mayor，同上。
224,ch02_01,陳貞彬(7)，呈一四六旅祕電，同上。
225,ch02_01,陳貞彬(7)，呈二十一師一四六旅電文，同上。
226,ch02_01,同上。
227,ch02_01,陳貞彬(5)，陳鼐文件，同上。
228,ch02_01,鍾謙順，《煉獄餘生錄》，頁九四～一○一。
229,ch02_02,見林木順(Ａ)。
230,ch02_02,劉漢生口述史料，魏永竹、廖財聰訪問，民七九年五月十七日，台灣省文獻委員會存稿。
231,ch02_02,蘇僧、郭建成，頁二三。
232,ch02_02,黃秀政、連偉齡，民八十年八月九日，訪孫欽芳，於孫宅。
233,ch02_02,蘇僧、郭建成，頁二三。
234,ch02_02,「基隆要塞司令部36.4.2.第一三二二號代電」，台灣省警備總司令部檔案：綏靖執行及處理報告(一)，頁七三。
235,ch02_02,蘇僧、郭建成，頁二四。
236,ch02_02,黃秀政、連偉齡，民八十年三月二十日，訪黃金島，於黃宅；黃金島口述、王世勛筆記，《站在第一線》，台中：作者自刊，未署出版時間，頁二～三。
237,ch02_02,參閱鍾逸人，《辛酸六十年》，台北：自由時代出版社，一九八八年，頁四三五～四三七。
238,ch02_02,莊嘉農，頁一二六。
239,ch02_02,保密局呈蔣主席三月十日情報，《戡亂時期重要文件分案輯編：（第三十八冊）䆡䚬皪──台灣二二八事件》(上)，頁二三，民四四年九月；黃秀政、連偉齡，民八十年七月十二日，訪張深鑐，於張宅；嚴家淦，〈憶灌園先生〉，葉榮鐘編，《林獻堂先生紀念集》，卷三，台中，民四九年二月。
240,ch02_02,台中市參議長黃朝清和副參議長林金標，在三月一日的聯席會議後，心中畏懼，兩人偷偷跑到市政府和警察局自剖，並透露二日將召開市民大會的消息。市長黃克立痛斥他們一頓後，即命令他們想盡一切辦法，阻撓市民大會的舉行。兩人於是漏夜趕製「市民大會延期」的海報，到台中戲院門口張貼。經鍾逸人、楊克煌撕去，沿路叫回正欲離去的群眾，並強迫戲院管理人員開門，市民大會始得如期舉行。鍾逸人，頁四四八～四五○；王建生、陳婉真、陳湧泉，頁一四○。
241,ch02_02,有關謝雪紅的一生，可參考葉芸芸編，《證言2．28》；陳芳明，《謝雪紅評傳》，台北：前衛出版社，一九九一年。
242,ch02_02,林木順(Ａ)，頁六三。
243,ch02_02,《台灣暴動事件紀實》，頁六；柯遠芬手稿，頁五九；另見《楊亮功報告》，附件五〈二二八事件台中變亂報告書〉。
244,ch02_02,《大明報》，民卅六年三月六日，第一版；《興台日報》，民卅六年三月七日，第二版；另參閱林啟旭，頁八六。
245,ch02_02,《人民導報》，民卅六年三月八日。
246,ch02_02,林木順(Ａ)，頁六四～六五；雲權，〈台中歷險記〉，《台灣二二八事件親歷記》，台北：台灣正義出版社編印，民卅六年五月，頁一一九～一二三。
247,ch02_02,鍾逸人，頁四五六。
248,ch02_02,黃秀政、連偉齡，民八十年三月廿六日，訪李源榮，於李宅。
249,ch02_02,台灣省行政升官公署編印，《台灣省二二八暴動事件報告》，民卅六年，頁九～一○。
250,ch02_02,林木順(Ａ)，頁六六。
251,ch02_02,莊嘉農，頁一二六。
252,ch02_02,"李碧鏘，〈李碧鏘的回憶〉,張炎憲、李筱峰編，《二二八事件回憶集》，頁二四一；洪炎秋，〈一個短命校長的雜憶〉，《三友集》，台中：中央書局，民六八年，頁三○七。另參閱黃秀政、連偉齡，民八十年三月廿七日，訪楊子榮，於楊宅。"
253,ch02_02,陳芳明，《謝雪紅評傳》，頁三二一～三二三。
254,ch02_02,「憲四團36.4.5台警軍(36)字第二九六號代電及名冊」，台灣省警備總司令部檔案：案犯處理(二)，頁八五～九八；于右任呈蔣主席（附楊亮功調查報告），前引書，頁二三三～二三四(79)；《台灣暴動事件紀實》，頁九；王思翔，《台灣二月革命記》，一九五一年，頁五八。
255,ch02_02,彭孟緝，《台灣省「二二八」事件回憶錄》，（打字稿已收入中研院近史所編《二二八事件資料選輯》(一)），現藏中國國民黨中央黨史委員會，頁五三。
256,ch02_02,李碧鏘，〈受難者談二二八真相〉，《民眾日報》副刊，民八十年三月二日；黃秀政、連偉齡，民八十年八月四日，訪李碧鏘，於李宅。另據空軍第三飛機製造廠報告，該廠的立場有三：「(一)本廠不與聞地方政治問題，本廠之武器不能交出，但可由本廠自行封存；(二)保證絕對不加害任何良民；(三)保證本廠武器不借與外部之人。」見《楊亮功報告》，附件五。
257,ch02_02,同前註；另參閱林啟旭，頁九一。
258,ch02_02,林木順(Ａ)，頁六九～七一；林啟旭，頁九一～九三。
259,ch02_02,《中外日報》，民卅六年三月八日，第一版；《台灣新生報》，民卅六年三月七日。
260,ch02_02,勁雨編，《台灣事變真相與內幕》，上海：泥土社，一九五一年，頁二九。
261,ch02_02,台灣省警備總司令部檔案：案犯處理(二)，頁八五～九八。另見《楊亮功報告》，附件五〈台中暴動情形綜合報告〉。關於「二七部隊」的成立時間、組織、人數與實際領導人，官方檔案與坊間著作說法不一，目前尚健在的鍾逸人，亦提出不同的說法。鍾逸人，頁四七九～四八九；黃秀政、連偉齡，民八十年七月十一日，訪鍾逸人，於唐莊茶坊。
262,ch02_02,古瑞雲，《台中的風雷》，台北：人間出版社，民七九年，頁五六；黃秀政，民八十年四月三日，訪古瑞雲，於上海。
263,ch02_02,陳芳明編，《台灣戰後史料選》，頁三三一。
264,ch02_02,林木順(Ａ)，頁七一。
265,ch02_02,《台灣新生報》，民卅六年三月八日。
266,ch02_02,《和平日報》，民卅六年三月八日，第二版。
267,ch02_02,林木順(Ａ)，頁七二～七三。
268,ch02_02,《大明報》，民卅六年三月八日，第一版；《台灣新生報》，民卅六年三月八日。
269,ch02_02,台灣省警備總司令部檔案：案犯處理(二)，頁八五；林啟旭，頁九五。
270,ch02_02,處委會召開最後一次會議前，委員們已預先商量過，決定解散處委會，並推選市長黃克立復職。會中，徵求謝雪紅的意見，謝氏表示反對云：「民變的目的之一，為爭取市長民選。現在由幾個人要叫舊市長出來，市民一定反對，請你們去徵求市民意見才對。」但孤掌難鳴，無法扭轉多數委員的協議。林木順(Ａ)，頁七四～七五。
271,ch02_02,莊嘉農，頁一二九。
272,ch02_02,〈訪游禮欉〉，台灣省文獻委員會編，《二二八事件文獻輯錄》，頁一一○。
273,ch02_02,〈致劉天沂〉，鄧孔昭(Ａ)，下冊，頁六三～六四。
274,ch02_02,台灣省警備總司令部檔案：〈案犯處理〉(二)，頁九二、九三、九五。
275,ch02_02,黃秀政、連偉齡，民八十年四月十一日，訪尤世景，於尤宅。
276,ch02_02,蔡鴻文口述史料，楊克華專訪，《聯合報》，民八十年三月六日，第三版。
277,ch02_02,同274，頁九四。
278,ch02_02,同275，頁六四。
279,ch02_02,《台灣新生報》，民卅六年三月六日；《大明報》，民卅六年三月六日，第一版。
280,ch02_02,《台灣新生報》，民卅六年三月六日；《民報》，民卅六年三月九日，第二版。
281,ch02_02,彰化市政府電覆事變經過情形（覆台灣省行政長官公署），祕機字第一六六八號，台灣省警務處檔案：彰化縣政府：二二八事件(一)，第一件（中研院近史所影本）；《民報》，民卅六年三月九日，第二版。
282,ch02_02,同註279；《台灣省「二二八」事變記事》，頁四六。
283,ch02_02,彰化市政府電覆事變經過情形，台灣省警務處檔案：彰化縣政府：二二八事件(一)，第十一件；前揭于院長右任電蔣主席（附楊亮功調查報告），前引書，頁二三四；〈訪呂世明〉，台灣省文獻委員會編，《二二八事件文獻輯錄》，頁一一八～一一九；黃秀政、簡榮聰、連偉齡，民八十年五月四日，訪蘇振輝，於蘇宅。另見《楊亮功報告》，附件六〈彰化市「三二」事變經過報告書〉。
284,ch02_02,同274，頁九四。
285,ch02_02,于院長右任電蔣主席（附楊亮功調查報告），前引書，頁二三九；「台灣省警備總司令部36.4.3.(36)總戰一字第四二七二號代電」，台灣省警備總司令部檔案：綏靖實施計劃，頁六九～七二。
286,ch02_02,黃秀政、連偉齡，民八十年七月十一日，訪林朝業，於林宅。
287,ch02_02,黃秀政、連偉齡，民八十年四月廿四日，訪林才壽，於林宅。
288,ch02_02,同274，頁九四～九六。
289,ch02_02,同274，頁九五。
290,ch02_02,黃秀政、連偉齡，民八十年八月廿八日，訪李百顯，於李宅；〈訪李天助〉，台灣省文獻委員會編，《二二八事件文獻輯錄》，頁一一七～一一八。
291,ch02_02,同241，頁九三。
292,ch02_02,〈二二八事件日誌〉，馬起華編，《二二八研究》，台北：中華民國公共秩序研究會，民七六年十月，頁三七。
293,ch02_02,童生財口述史料，戴純真、唐淑芬訪問，民七九年六月八日，台灣省文獻委員會存稿。
294,ch02_02,鍾逸人，頁四七二。
295,ch02_02,〈訪張壬寅〉、〈訪陳望雄〉，台灣省文獻委員會編，《二二八事件文獻輯錄》，頁五九九～六○四、頁六○四～六○七。
296,ch02_02,參閱于院長右任電蔣主席（附楊亮功調查報告），前引書，頁二四；黃秀政、連偉齡，民八十年七月卅一日，訪黃清標，於黃宅；林木順(Ａ)，頁八七～八九；另參閱林啟旭，頁一○○～一○三。
297,ch02_02,馬起華編，頁三二。
298,ch02_02,黃秀政、連偉齡，民八十年八月十六日，訪卓永河，於卓宅；林木順(Ａ)，頁八七～八九。
299,ch02_02,黃秀政、連偉齡，民八十年八月七日，訪李江海，於李宅；許雪姬，民八十年八月十九日，訪許壬申，於許宅；許雪姬，民八十年十月七日，訪高總成，於高宅。
300,ch02_03,〈嘉義市三二事變報告書〉，台灣省警備總司令部檔案：綏靖執行及處理報告(二)，頁三一；同樣的資料，即《楊亮功報告》附件七，也出現在八(2)，17-1，台灣省二二八事件經過，頁一○二～一一二。
301,ch02_03,同上。
302,ch02_03,十六，4193-6，台灣蔡金磁因內亂涉訟案，上訴理由書；及台灣南部綏靖區司令部判決書。
303,ch02_03,十六，4193，29，台灣蔡耀景內亂涉訟案，上訴狀。
304,ch02_03,十六，4193-2，台灣黃老田因內亂涉訟案，頁七。
305,ch02_03,在〈嘉義市三二事變報告書〉中附有照片數幀，其中有由嘉義市參議員盧炳欽具名呈贈台中部隊謝金三萬元的文件，參見八(2)，17-1，頁一一五。
306,ch02_03,許雪姬，〈台灣光復初期的民變——以嘉義三二事件為例〉，《台灣光復初期歷史》，台北：中研院社科所，民八二年，頁一八五，民八一年六月十三日，頁一五。
307,ch02_03,當時處委會與營方的協議有：(一)下午一時半起，雙方下令停止衝突一小時；(二)下午一時四十分雙方約定地點會見解決；(三)願雙方減少犧牲，依政治方式商決；(四)在各項市民組織已得統一指揮由處委會處理。至於會面的地點，甲：會見地點市政府前；乙：會見不可能時，請貴營暫退內角再派來使商量。
308,ch02_03,同300
309,ch02_03,林德龍輯註、陳芳明導讀，《二二八官方機密史料》，台北：自立晚報出版社，民八一年，頁七九。
310,ch02_03,許雪姬，民八十年七月十日，訪李曉芳，於李宅；許雪姬，民八十年八月十九日，訪鍾逸人，於台中某西餐廳。
311,ch02_03,《戡亂時期重要文件分案輯編：（第三十八冊），政治——台灣二二八事件》(下)，民四四年九月，頁二三五；涂柳銅也報導說嘉義機場死很多人，那些屍體後來埋在北回歸線邊，聽說大約在三百名左右。江淑玲，於民八十年七月二日，訪涂柳銅、鍾敏夫婦，於涂宅。
312,ch02_03,林木順，《暴風雨》，日文版，不著年月，頁七二～七三。
313,ch02_03,《台灣新生報》，民卅六年三月六日，第三版。
314,ch02_03,柯遠芬，〈事變十日記〉三月五日，台灣新生報社編，《衝越驚濤的年代》，台北：台灣新生報，民七九年，頁一九八。
315,ch02_03,林文堂，《台灣哀史》，東京都：山崎書房，一九七二年，頁一二○。
316,ch02_03,台灣省警備總司令部檔案：事件原因及初期狀況，頁一二。
317,ch02_03,同前註，羅營長實為被迫撤離，也非如資料所言，要去支援飛機場。
318,ch02_03,同300
319,ch02_03,同310；楊麗祝、許雪姬，民八十年七月四日、八日，訪陳秀英，於陳宅。
320,ch02_03,李宣鋒、武義德先生口述，收入《二二八事件文獻輯錄》，頁一四九～一五○。武義德是高山部隊中的一員。
321,ch02_03,嘉義高山部隊何時上山，何時下山？一直未能考證出其正確日期。依據武義德、汪成源兩人的報導，下山即刻往攻紅毛埤，國軍乃告撤退，事在三月七日，因此推測六日下山的可能性較大。至於何時回山上，則推測在九日以後。在八(2)，17-1，頁一一五的照片中，有由嘉義處委會作戰本部發給高山部隊「足袋」二十雙的字條；由湯守仁簽收於十日的收據，但高山部隊應不遲於十日，回到山上。請參見許雪姬，民八十年七月六日，訪武義德，於武宅；許雪姬，民八十年七月七日，訪汪成源，於汪宅；許雪姬，民八十年七月七日，訪陳庄次，於陳宅。
322,ch02_03,同316，頁一四，該日因無飛機輸送，援軍到機場的只有一排。先頭部隊的到來，使機場之態度更為強硬。
323,ch02_03,林文樹後來在太太營救之下，以錢買命而獲釋。許雪姬、楊麗祝，民八十年七月四日、九日，訪林山生，於林宅。
324,ch02_03,江淑玲，民八十年七月四日，訪陳玉樹，於陳宅。陳玉樹為當時嘉義市政府職員。
325,ch02_03,同317，頁一四；《中華日報》，民卅六年三月十三日。
326,ch02_03,項克恭，〈高雄要塞第三總台處理台南市變亂經過報告書〉，收入八(2)，17-1，台灣省二二八事件經過，頁八五～八六。
327,ch02_03,參加者有高雄團管區司令部參謀主任李蘊石，空軍第二十五地勤中隊中隊長陳金水，二十一師獨立團張連長則之，台南市警察局局長陳懷讓。見同前註。
328,ch02_03,同前註，頁八七。計憲兵營官兵六十，輕武器四十餘枝；二十一師獨立團第一連官兵一百六十名，有輕機槍十四挺，步槍七十枝，迫擊砲兩門，但分散各地駐防；警員二百名，高雄團管區官兵三十名，沒有武器；空軍第二十五地勤中隊官兵四十名，但台籍佔五分之四；其餘有輜汽二十一團第七連之一汽車排，監護營第七連之少數倉庫監護兵，不能抽調。
329,ch02_03,十六，4193-12，台灣莊金壽因內亂涉訟案，上訴理由書。
330,ch02_03,卓高煊，〈台灣省二、二八事變波及本市情形報告書〉，收入八(2)，17-1，頁一三○。
331,ch02_03,同上，頁一三一。
332,ch02_03,同前註，原欲成立治安維持會，市長認為不妥乃改名。
333,ch02_03,十六，4193-16，台灣莊茂林因內亂涉訟案，上訴理由書。
334,ch02_03,同331。
335,ch02_03,同326，頁八八。
336,ch02_03,"王石安簽呈范處長，民卅六年三月廿一日，UXQ, 36, 03, 000，石萬壽先生提供。"
337,ch02_03,同331，頁一三二。
338,ch02_03,先是在五時，參議會眾人至憲兵營提出軍隊不得武裝巡行市區，以免刺激人心；發給槍械，市區秩序由學生維持等條件，市長拒絕。五時再提出七項，其內容和市長的答覆如下：(一)軍憲警不開槍不出動不示威（原則可以，但軍警駐地附近在正常秩序未恢復以前，不得接近營地）；(二)專賣、貿易兩局取消（轉呈上峰核奪）；(三)能力薄弱公務員即時辭職（可接受）；(四)糧食問題切實負責辦理（當然）；(一)立即實行縣市長民選（請示中央）；(六)省署各處長及各級主管人員須起用本省人（轉請上峰核奪）；(七)各工廠應由本省人負責辦理（有優秀合格人員當然儘量向工礦處推薦）。市長另有：過去行動除武裝財物追還外，其他行動既往不咎，但自宣布之日起，如再有越軌行動，定當依法嚴辦。見項克恭，前引報告書，頁八九。此七項要求的內容與韓石泉《六十回憶》一書所載文字略有差異。在凝聚這七項要求時，也有激進人士提出下列要點：(一)全市學生為戰鬥第一大隊；(二)「南方同志會」為戰鬥第二大隊；(三)市民為戰鬥第三大隊。區長（鎮長）任中隊長，里長（保長）任分隊長，鄰長（甲長）任小隊長；(四)設立海陸空軍總司令部；(五)徹底響應二二八事件，直到國軍放下武器無條件投降為止；(六)武裝起來，徹底與豬標作戰到底；(七)要求即時民選縣市長；(八)如有阿山人匿居者，立刻交給學生軍，同時實行按戶搜查。見洪鵬萬，〈台南暴行錄〉，收入《台灣二二八事件親歷記》，頁一六八。
339,ch02_03,十六，4193-3，台灣廖心水因內亂涉訟案，上訴理由書。
340,ch02_03,同338。
341,ch02_03,許雪姬，民八十年九月三日，訪鄧凱雄先生，於黃宅。
342,ch02_03,卓高煊，前引報告書，頁一三二。
343,ch02_03,有關湯德章在二二八事件中的行為，此是官方唯一的記錄，據市參議員蔡丁贊言，未成立處委會台南分會時，湯因瘧疾臥病在家，直到六日才正式出面。許雪姬，民八十年六月四日，訪蔡丁贊先生，於蔡宅。另見中研院近史所發行《口述歷史》第三期，頁一四○；故官方之記載，尚需經考證。據台南市長卓高煊〈台南市二二八事變波及本市情報告書〉中載：「警察局局長陳懷讓被湯德章等率領學生約二百餘人圍困辦公室，電話亦行監視，同時要發給武器，供給火食，蠻橫無理，彼等交談概用日語，陳局長知機，推故離開，該批學生及暴徒將警察保安隊武器彈藥悉數接收劫奪，倉庫所有械彈被服布疋亦被洗劫。」見八(2)，17-1，頁一三二。
344,ch02_03,同329。
345,ch02_03,項克恭，頁九○；卓高煊，頁一三三。九項辦法：(一)軍隊返原地。(二)不增加兵力（請示高雄司令部）。(三)下午三時憲警參議會開始維持秩序。(四)外省人生命財產由市民共同保障，互相尊重，嗣後再發生毆打外省人情事，軍憲警將採斷然處置，並予以支持。(五)學生將先取槍枝、財務交付較親近之師長，彙送參議會轉送警察局，並向市民宣傳，市民藏槍應即送繳，否則以後查出，以意圖暴動，私存軍火，從嚴處辦。(六)今後不得有越軌行為，既往不咎。(七)失業及糧食問題，市府應謀有效解決。(八)由學校通知家長會，約束學生勿受離間與挑撥，致有軌外行為並責成校長負責，將在外學生帶回，嗣後如搗亂，學生除受軍法處置外，校長應連帶負責，各區長區民代表，各黨團基層負責人、里長、家長共同對本區青年學生作有效之制止。(九)昨日議案本日下午三時施行，今後如有變故，應由肇事者負責。
346,ch02_03,項克恭，頁九一。
347,ch02_03,同333
348,ch02_03,卓高煊，頁一三三。
349,ch02_03,許雪姬，民八十年六月十日，訪蔡丁贊，於蔡宅。
350,ch02_03,項克恭，頁一三四；至於標語的內容請參見鄧孔昭(Ａ)，下冊，頁五二；許雪姬，民八十年六月廿六日，訪葉石濤先生，於葉宅。
351,ch02_03,項克恭，頁九二。
352,ch02_03,同上。
353,ch02_03,《中央日報》，民卅六年三月八日。
354,ch02_03,《戡亂時期重要文件分案輯編：（第三十八冊）政治——台灣二二八事件》(下)，頁二三六；台南市長之選舉依長官公署之命令行之，而民政處長謝東閔到台南時亦催促辦理市長選舉，但事後參加選舉的部分人士，如郭天福卻被判刑。見十六，4193-33，台灣郭天福因內亂涉訟案，上訴理由書。
355,ch02_03,共有十區，設九個區署，即斗六、虎尾、東石、嘉義、北港、新化、曾文、北門、新豐。斗六、虎尾、北港屬今雲林縣，在第二節中部地區已有敘述；而嘉義亦有專節討論，故本處的台南縣專指新營、東石、新化、曾文、北門、新豐等處。
356,ch02_03,袁國欽是個具有兩面評價的人，葉都等人認為他在縣政府安插私人，並在事變發生後離新營而去，實在有虧職守，時任新營鎮長沈瓊南（後改名沈義人）也有相同的看法。另方面也有人稱他和善，是有人格的人，和他接觸過的鍾逸人即曾因見和善的袁國欽，而改變其對外省人的刻板印象。許雪姬，民八十年九月十八日，訪葉都，於葉宅；許雪姬，民八十年八月十九日，訪沈義人，於沈宅；許雪姬，民八十年八月十九日，訪鍾逸人，於台中某西餐廳。
357,ch02_03,台南縣政府，〈二、二八事件在本縣暴亂經過及處理情形報告〉，民卅六年三月，收入八(2)，17-2，台灣省二二八事件經過，頁五四～五六。
358,ch02_03,許雪姬，民八十年八月廿三日，訪沈乃霖，於葉宅。
359,ch02_03,葉都先生訪問記錄。
360,ch02_03,李宣鋒、高菊花女士、高英洋先生口述，收入《二二八事件文獻輯錄》，頁四二一；林敬仰，〈台南二二八事件見聞〉，《長泰文史資料》，第五期，一九八二年，頁一九～二六。
361,ch02_03,沈義人先生訪問記錄。
362,ch02_03,見台灣高等法院第一分院檢查官起訴被告沈瓊南書，民卅六年八月十九日。
363,ch02_03,〈台南縣各區二二八事變在逃首謀主犯調查表〉，台灣省警備總司令部檔案：案犯處理(二)，頁七。
364,ch02_03,同362，這批人是乘坐台南貨物汽車公司的卡車，由司機吳丁來駕駛前往嘉義。文中所謂福州人，是日據時期來台的福州人，稱在台華僑。
365,ch02_03,沈義人先生訪問記錄。
366,ch02_03,彭孟緝，《台灣省「二二八」事件回憶錄》，頁二九。
367,ch02_03,同357。
368,ch02_03,許雪姬，民八十年十月十七日，訪許文英，於中研院近史所。
369,ch02_03,十六，4193-17，台灣李新別因內亂涉訟案，上訴理由書。
370,ch02_03,顏德國訪問記錄，台灣省文獻委員會。
371,ch02_03,《中華日報》，民卅六年三月廿一日，第二版。
372,ch02_03,台南縣政府，前引報告，頁五九；據吳新榮的記載則係他在被壓迫下幫這批人開武器庫。
373,ch02_03,"吳新榮，《吳新榮回憶錄》,台北：前衛出版社，一九八九年，頁二一四～二一七。"
374,ch02_03,十六，4193-10，26、35、40，台灣蔡源吉、林金水、賴來旺、吳寅時內亂涉訟案，各人的上訴理由書。
375,ch02_03,台灣省行政長官公署農林處，《二二八事變案》，民卅六年三月三日～四月廿三日，228-C，1-(2)，頁二三一～二三五。事後牧場仍有私刑、拷打工人，並意圖威脅外省職員，使之無法安心工作，乃由方場長向上司報告，並於四月八日由新化區王區長、新化區警察所王所長和台南綏靖司令官林指導官接洽，派二十一師一連軍兵二十一人到新化，將上述七人逮捕。
376,ch02_03,同357。
377,ch02_03,葉石濤先生訪問記錄。
378,ch02_03,八(2)，17-1，頁一四六，台灣省二二八事變經過，黃仲圖，〈高雄市二二八事變報告書〉。
379,ch02_03,彭孟緝，頁一三～一四。
380,ch02_03,同378。
381,ch02_03,許雪姬，民八十年六月廿五日，訪蔡景軾，於蔡宅。
382,ch02_03,黃順興，《走不完的路》，台北：自立晚報社文化出版部，民七八年，頁六七。
383,ch02_03,何聘儒，〈蔣軍鎮壓台灣人民起義紀實〉，收入台灣民主自治同盟編，《歷史的見證》，北京：台盟，一九八七年，頁一三七。
384,ch02_03,彭孟緝，頁一七。
385,ch02_03,"楊亮功、何漢文,〈關於台灣二二八事件調查報告及善後辦法建議案〉，收入陳鳴鐘、陳興唐主編《台灣光復和光復後五年省情》，頁六三二。"
386,ch02_03,座車被焚燬在新高雄酒家前，即在今七賢路和榮華街交會處。
387,ch02_03,同385
388,ch02_03,許雪姬，民八一年五月十三日，訪何聰明，於台北市復興北路。
389,ch02_03,許雪姬，民八一年六月十日，訪許成章，於中研院近史所2211室。
390,ch02_03,不著撰人，《二二八事變之平亂》，鉛印本，頁一四～一五。
391,ch02_03,《二二八事變之平亂》，頁一四。據事後獲得的「高雄學生聯合軍本部印」及相關的文件，有其組織、番號，（實力：學生軍二千名、民眾軍二千名，共二千名；武器：機槍十六挺、步槍二百十六枝、彈藥數千發），三三暴動計劃、傳單，但是自起事的三月三日到三月六日，前後只有五天，能否如文件中嚴密的編組，令人懷疑。見八(2)，17-1，頁一六○～一六三，〈抄呈鹵獲奸暴文件之一部分〉（在暴徒大本營高雄省立第一中學搜得）。
392,ch02_03,彭孟緝，頁一八。
393,ch02_03,同390。
394,ch02_03,台灣省警備總司令檔案：綏靖執行及處理報告(一)，頁四九。
395,ch02_03,彭孟緝，頁二○。
396,ch02_03,許雪姬，民八一年四月六日，訪王作金，於台北獅子林十樓。據當時任二十一師獨立團第七連上尉連長的王作金稱，一○五後方醫院有步槍十多枝，而守在醫院的部隊，有四挺機槍，五、六枝衝鋒槍，約四十多枝步槍及子彈，還有醫院倉庫中的被服庫、糧秣庫，物資相當多，這些都是日本人準備運到南方戰場去的。光復後仍放在醫院中。
397,ch02_03,王作金先生訪問記錄。
398,ch02_03,黃仲圖，前引報告書，頁一四七。
399,ch02_03,許雪姬、方惠芳，民八一年七月廿四日，訪王瑞成，於王宅；許雪姬、方惠芳，民八一年五月廿一日，訪呂朱月霞，於呂宅。
400,ch02_03,同398。
401,ch02_03,《二二八事變之平亂》，頁一五。
402,ch02_03,蔡景軾先生訪問記錄；朱浤源，民八十年五月卅一日，訪林茂松，於林宅；許雪姬、方惠芳，民八十年六月廿九日，訪李佛續，於李宅。
403,ch02_03,李佛續先生訪問記錄；許雪姬、方惠芳，民八十年五月廿四日，訪黃海波，於黃宅；許雪姬、方惠芳，民八一年五月十九日，訪駱震郎，於高雄醫學院。
404,ch02_03,台灣省警備總司令部檔案：政府處理態度，頁五七～五八；綏靖執行及處理報告(一)，〈海軍第三基地司令部處理台灣事變經過詳情報告書〉，頁二九～三○。當時左營與高雄間應付方針之第二條就是「注重民變以圖政治解決」。
405,ch02_03,高雄市第一任市長連謀以貪污去職，由黃仲圖繼任，比起連謀，黃大量起用本省籍人士（前任則任用同鄉的惠安人），且辦事方法也得到不少人的擁戴。見蔡景軾先生訪問記錄。由於深得民心，因此在某一程度上減少一時蜂起的民眾攻擊市政府。
406,ch02_03,彭孟緝，前引書。另據章次江先生訪問記錄，台灣省文獻委員會編，《二二八事件文獻輯錄》，他說談判是在晚上，因雙方未連絡好，衛兵曾開槍打傷一人，代表們也被嚇跑，不知是否為同一次，因為在時間上和彭孟緝的回憶錄相差太久，一個說是下午二時，一說是晚上。
407,ch02_03,黃仲圖，前引報告，頁一四七。但據李佛續及當時在市府的郭萬枝參議員，當時市長要上山，涂光明也表明要一起上山談判。但並未言及持械逼迫市長同行一事，見李佛續、郭萬枝兩人之訪問記錄。
408,ch02_03,許雪姬、方惠芳，民八十年五月廿二日，訪謝有用，於謝宅。
409,ch02_03,彭孟緝，頁二二。
410,ch02_03,彭孟緝，頁二三及《二二八事變之平亂》。有關涂光明是否行刺彭孟緝一事，彭孟緝言之鑿鑿並說行刺他的手槍到現在還保留，並有照片為證。《二二八事變之平亂》所載與彭自書的回憶錄有所不同，《二二八之平亂》說涂曾先發一槍中口（桌？）角，才被搶下；而彭孟緝回憶錄則言涂光明是日據時代放逐廈門有名的浪人頭子，據說手槍射擊技術是指雀打雀、指雞打雞的，若如此不可能一發不中。若據李佛續的回憶則又有不同的說法。他說到要塞坐定後市長與彭司令相談條件時，眾人眼光都望向他們兩人，突然聽見士兵警衛高喊「有刺客」、「有槍」，後面的衛兵全擁向涂光明，並把他拖出去，大喊「槍斃他」、「竟然帶槍要打彭司令」，李說當時沒見到涂開槍，也沒有看到槍，急切之間只看到涂光明被迅速架出去，彭司令也立即由室內另一門離去。接著一夥士兵擁入喝令「不要動」逐一搜身，結果無人帶武器。參見李佛續先生訪問記錄。這是否是彭司令欲擒賊擒王設計出來的結果？因為彭將軍的回憶錄可以見到他甚至早在三日即有軍事行動想法，而五日又以七日凌晨要出兵而將談判時間改訂在六日，也許可以大膽的推測，即使涂光明不拔槍、不行刺，恐怕亦無法離開要塞司令部。參考賴澤涵、許雪姬，民八二年四月十日，訪彭孟緝先生，於彭宅。
411,ch02_03,黃仲圖，前引報告，頁一四七，按黃氏的說法和彭孟緝回憶錄，有些差距。
412,ch02_03,台灣省警備總司令部檔案：綏靖執行及處理報告(二)，〈海軍第三基地司令部處理台灣事變經過詳情報告書〉，頁三○。
413,ch02_03,同前檔，〈台灣暴動經過撮要〉，民卅六年二月廿八日～三月十日，頁四六。
414,ch02_03,柯遠芬，頁四四。
415,ch02_03,蔡說麗，民八十年七月四日，訪陳錦春先生，於陳宅。
416,ch02_03,許雪姬、方惠芳，民八十年六月十二日，訪阮垂紳，於阮宅；許雪姬、方惠芳，民八十年六月十一日，訪柯旗化，於柯宅；何聰明先生訪問記錄。
417,ch02_03,許雪姬，民八一年五月二十日，訪郭榮一，於高雄鹽埕教會；同日訪許丁複，於許宅。
418,ch02_03,王作金先生訪問記錄。
419,ch02_03,朱浤源、許雪姬、方惠芳，民八十年五月廿二、廿九日，訪郭萬枝，於郭宅。
420,ch02_03,當場死亡的人不少，如許秋粽，據其子許國雄的證詞：「當日下午兩點左右，聽到軍隊射擊的聲音，家父立即拉著我衝出大禮堂，急忙想躲進市政府旁的防空洞，但防空洞已躲滿了數十人，我們無法擠入，大家分路逃跑，此時來不及想該怎麼辦時，軍隊已衝至防空洞前，先對著洞口處十五人開槍，家父立即頭部中彈倒地。我未中彈，被家父肥胖的身軀緊緊壓在下面，家父黃色的腦漿，從他身上汩汩流出，另挨在旁邊一名學生的腸肚全部外流，尚未斷氣，哀嚎不已。」見〈許國雄先生訪問記錄〉，台灣省文獻委員會。這只是許多故事中的一個。王玉雲先生曾說到屍體之多，除了家屬領回自埋外，送到火葬場的屍體則係由警局僱用牛車運送，每部放二十多具，如此一連延燒好幾天才告一段落。〈王玉雲先生訪問記錄〉，台灣省文獻委員會。又林流夏去收屍時，他見手推車四、五輛來回運無名屍到林德官安葬，死亡的人數不少。他看到死者有的沒穿衣服，有的穿一些殘破的衣服，又是下雨天，血塊如雪球，滾在路邊，死去的屍體正如冰魚樣僵硬帶血。許雪姬、方惠芳，民八十年六月廿四日，訪林流夏，於許宅。據服務於高雄市政府行政股長的康壬貴之證言，在高雄市政府至少死了五、六十人。許雪姬，民國八十年六月廿二日，訪康壬貴，於「釣以清心」餐廳。王瑞霖先生於三月九日到市政府去收殮其父時，親見屍體堆疊，大約死亡者有五十二人。許雪姬、方惠芳，民八二年三月六日，訪王瑞霖，於真好味大飯店。所以陳桐先生認為在市政府的死傷只有四、五個，而且有三名是國民黨忠貞黨員如許秋粽、黃賜、王石定，這一看法恐須作修正。
421,ch02_03,陳錦春先生訪問記錄；王玉雲先生也有類似看法，見《二二八事件文獻輯錄》，頁一五五～一五六。
422,ch02_03,許雪姬、方惠芳，民八十年五月廿四日，訪邱道得，於邱宅。
423,ch02_03,許雪姬、方惠芳，民八十年六月十一日，訪柯旗化，於柯宅。
424,ch02_03,李佛續先生訪問記錄認為是六日下午被放回，可能有誤。
425,ch02_03,〈前台灣省警備總司令部及本部委任代核「二二八」事變案件〉，台灣省警備總司令部檔案：案犯處理(三)，頁一八四二。涂光明，三十五歲，澎湖人；曾豐明，二十五歲，澎湖人；范滄榕，二十九歲，宜蘭人。三人的罪名是「暴動意圖顛覆政府而著手實行，處死刑，褫奪公權終身」經警總糾正後核准執行。
426,ch02_03,同412，頁二五～二六。
427,ch02_03,同412，頁二七～二九。
428,ch02_03,黃緒虞致海軍總司令桂永清電，0339號，三月六日。
429,ch02_03,同412，頁三○。
430,ch02_03,同412，頁三二。
431,ch02_03,台灣省警備總司令部海軍總部檔案：台灣二二八事變經過及處理，黃緒虞電，03655號。
432,ch02_03,同上；《益世報》，民卅六年三月廿三日。
433,ch02_03,同431。
434,ch02_03,先是有一位軍人向女裁縫求婚未遂，竟然開槍打死她，軍方卻不預備追究，乃由該里里長帶領里民手持標語遊行，軍方迫於輿論才出錢賠償。再者有一位國軍騎車技術不佳，在菜市場撞倒一位老農人，挨了老農罵，軍人惱羞成怒用腳踢他，引起市場旁觀者的公憤，大家出手打他。軍人不敵離開後，帶了槍並邀夥伴前來，見到剛剛出言相幫老農的陳文禮，乃開槍射殺之，引起民憤。民國三十五年底，左營區駐在要塞士兵及海軍技術兵因兩相不和，時常格鬥，弄到左營街民驚恐不安，商店閉戶，行人走奔，宛如戰場。使左營居民對軍人的觀感至為惡劣。請參看許雪姬，民八十年八月九日，訪陳種定，於高雄華王飯店；《國聲報》，民卅六年一月四日，三版。
435,ch02_03,同412，頁二六。
436,ch02_03,此受難者為蘇進長，被槍斃在市議會對面，許雪姬、方惠芳，民八十年五月廿九日，訪黃碧珠，於蘇宅。
437,ch02_03,陳種定先生訪問記錄。
438,ch02_03,同412。
439,ch02_03,同412，頁三一。
440,ch02_03,同412。
441,ch02_03,許雪姬，民八十年七月十五日，訪金開英，於敦化南路。
442,ch02_03,二八，21445，資委會中國石油有限公司台灣營業所關於二、二八事件情況給總公司的電報，頁四一、五○；許雪姬、方惠芳，民八一年七月廿三日，訪簡奢兌、陳吉福，於簡宅；許雪姬、方惠芳，民八一年七月廿二日，訪周石，於周宅。
443,ch02_03,同412，頁二八。
444,ch02_03,同442。
445,ch02_03,郭萬枝先生訪問記錄；許雪姬，民八十年八月十日，訪王天良，於高雄國賓飯店。
446,ch02_03,同442。
447,ch02_03,王天良先生訪問記錄。
448,ch02_03,許雪姬，民八十年三月廿七日、九月一日，訪梁永盛，於梁宅。
449,ch02_03,同442；許雪姬、方惠芳，民八十年七月廿三日，訪李塗州，於李宅；許雪姬、方惠芳，民八十年六月廿六日，訪楊凱雄夫人，於楊宅；台灣高等法院檔案，刑事卷，頁七四，楊凱雄之母楊莊氏琴向高等法院呈情文件。
450,ch02_03,同448。
451,ch02_03,同447。
452,ch02_03,同412，頁三三；同442。
453,ch02_03,〈林則彬先生訪問記錄〉，台灣省文獻委員會。
454,ch02_03,許雪姬，民八十年六月廿八日，訪許江陶、吳水明，於許宅。
455,ch02_03,〈高雄港務局退休正工程師沈嘉濟二二八回憶〉，收入陳木杉，《二二八真相探討》，台北：作者自刊本，民七九年，中間插頁，無頁碼。港務局員工中船機課課長董頤元被毆，另有人被收容在鹽埕區區公所的收容處，及當時的第一中學。而位在前金的港務局宿舍損失頗重。
456,ch02_03,四六八(2)，537，招商局台北分局基隆高雄兩辦事處報告在二二八事件中「損失」情形，頁五八～五九。白標第，〈函報高雄市發生事變經過及本處同仁被拘公私物遭洗劫情形請鑒核由〉。
457,ch02_03,朱浤源，民八十年五月卅一日，訪林茂松，於林宅。
458,ch02_03,王作金訪問記錄。
459,ch02_03,黃達平縣長的七項措施為：(一)指示警察局長配置警戒並控制一部分警力作機動使用；(二)由警察刑事控制一部分得力民眾對付外來暴徒；(三)召集地方各級人物代表曉諭大義，戒其勿受奸逆煽動，鼓動彼等愛護家鄉生命財產，免使生民塗炭，致二二八事件以及本縣如有政治問題，自可循政治途徑處理；(四)由警察局連絡山地鄉頭目防制高山同胞下山參加；(五)以電話通知各區署互相密切連絡沉著準備；(六)曉諭民眾冷靜；(七)將情況通報駐軍並取得聯繫。見黃達平，「報告：高雄縣政府」，收入八(2)，17-2，台灣省二二八事件經過，頁七二～七三。
460,ch02_03,同上，頁七三。
461,ch02_03,同前註；許雪姬，民八十年六月廿九日，訪林祺瑞，於林宅。
462,ch02_03,吳崇雄先生訪問記錄，收入《二二八事件文獻輯錄》，頁一六七。
463,ch02_03,同上。
464,ch02_03,同459，頁七四。
465,ch02_03,許雪姬，民八一年七月廿六日，訪林顯賢，於高雄縣岡山鎮壽山宮辦公室。
466,ch02_03,許雪姬，民八十年五月廿九日，訪蕭瓊珍，於蕭宅。
467,ch02_03,許雪姬，民八十年六月十二日、六月廿五日，訪許舜雄，於東方工專及許宅。
468,ch02_03,同466。
469,ch02_03,黃順興，前引書，頁六八。
470,ch02_03,陳種定先生訪問記錄。
471,ch02_03,〈高雄縣二二八事變就捕奸匪暴徒一覽表〉，台灣省警備總司令部檔案：案犯處理(一)，頁一一○～一一三，民卅六年四月二十日。
472,ch02_03,十六，4193-10，台灣柯水發因內亂涉訟案，上訴理由書。
473,ch02_03,十六，4193-9，台灣陳芳洲因內亂涉訟案，上訴理由書。
474,ch02_03,同上。
475,ch02_03,八(2)，17-2，台灣省二二八事件經過，頁四八，簡清榆，〈屏東市參議會建議意見書〉，三月廿九日；龔履端，《屏東三四事變記》屏東：屏東縣政府，民卅六年三月，頁一～二。
476,ch02_03,據簡祕書所記，三月二日下午葉秋木要簡祕書召開臨時參議會來商討應變之策，為簡所拒，葉秋木乃搭車赴高雄去接洽有關二二八事宜。八(2)，17-2，簡清榆，〈屏東市參議會簡清榆自述事變始末記〉，三月十二日撰，頁二。
477,ch02_03,以議長為首之一派有簡清榆、曾原祿、李朝欽等市參議員；以副議長為首之一派有市參議員顏石吉、邱家康、陳水龜（春萍）及司法保護分會副總幹事廖主賜。
478,ch02_03,葉秋木一派先是杯葛簡清榆出任參議會祕書，繼則批評張吉甫議長的作風，據簡祕書言，葉甚至派參議會總務組主任許肯惠暗中監視其行動。見八(2)，17-2，頁四二，〈屏東市三四年事變記並感想錄暨意見書〉，屏東市參議會祕書室編，民卅六年三月。
479,ch02_03,陳文華，重要文件（先父遺物）；陳水龜，上訴理由書；屏東市參議會祕書室編，前引報告，頁二九。
480,ch02_03,八(2)，17-1，頁一七七。台灣鐵路屏東站監理馮如圭，〈屏東市響應台北二二八事件三四暴動前後經過情形〉。
481,ch02_03,八(2)，17-1，頁一八一，徐箕「報告」民卅六年三月卅一日，於屏東市警察局。
482,ch02_03,同上，頁一八一～一八二。
483,ch02_03,同480，同時謠傳有四名外省人死亡。
484,ch02_03,三月六日下午才正式成立，之前應是對策等委員會；但龔市長認為三月四日處理委員會屏東分會已經成立。
485,ch02_03,龔履端，前引書，頁二○。
486,ch02_03,有關此事，日後成為葉氏的罪名之一，也就是顏石吉等人言回與葉商量答覆，而葉迄未答覆市長。當時何以葉氏未與顏同去，同時亦無回報？據簡清榆的報告，他曾與曾原祿兩人在參議會辦公時，突然間航空隊來電稱有緊急的事要交代議長，請議長馬上去，簡告以議長生病，對方言市參議員亦可，曾原祿等乃要去，是時葉上樓來知此事乃一起前往航空隊。後來市長還認定葉去機場是要去繳空軍械。
487,ch02_03,八(2)，17-2，頁五。
488,ch02_03,同上，頁六。
489,ch02_03,同上，一共有十項要求。
490,ch02_03,八(2)，17-2，頁一五，〈七、死亡調查表〉。
491,ch02_03,八(2)，17-2，頁一七二，一共有六款，即(一)國軍復歸原隊，不增加駐軍；(二)治安由參議會及青年學生共同負責；(三)外省人生命財產由本市市民共同保障，外省人及本省人要互相尊重；(四)散在民間武器由保管人員負責送到參議會負責送返各機關；(五)今後對此次行為一律不追究；(六)對失業及糧食問題速行設法解決。
492,ch02_03,八(2)，17-1，頁三四。
493,ch02_03,龔履端，頁四。此情報為簡祕書提供，是否屬實，待考。高山族數百人下山，據簡祕書言，係葉秋木之弟葉慶三，鼓動而來，故葉慶三被通緝的罪名是「暴動激烈分子鼓動高山族搶劫」，見228P-36，17-(3)「為通緝屏東市叛亂案犯顏石吉等十二名歸案」。
494,ch02_03,八(2)，17-1，頁一七四，附件五。
495,ch02_03,八(2)，17-1，頁三八。
496,ch02_03,八(2)，17-2，頁四○～四一。
497,ch02_03,八(2)，17-1，頁一六七。
498,ch02_03,同480，外省籍部分未及進入飛機場的人員，被集中到中央旅社，據被集中的屏東火車站人員的證詞，五日有三名職員在大橋頭被捕，因被證明是好人而免打，經訊問後送到中央旅社。八日下午一時，即國軍已入屏東，這二十五人被集合送到屏東女中操場，架有機槍，又見警衛之暴徒滿面殺氣，二十餘人以為將被處決而面面相覷，後被送到女中大禮堂休息，仍再送回中央旅社，而為國軍所救。
499,ch02_03,台灣省警備總司令部檔案：事件原因及初期狀況，民卅六年，頁一二～一三。
500,ch02_03,許雪姬，民八十年六月廿八日，訪林銘恩，於梁宅。
501,ch02_03,當時東港有位自日本習醫開業的許清琛醫生，他除了在診所看病外，有時也應患者之請出診。某日晚上約八點，他由火車站附近騎著腳踏車，車前放著醫事用的皮包，正往所住的原日本官舍區回家，在距家一百公尺處有一座小橋，有三個士兵等在橋頭處，見許醫生騎車至，便進行搶劫。許醫生在學中學過柔道，便奮起反抗，這時一士兵突然拔槍射擊，打中許醫生之上臂，血流不止。橋邊民房耳聞哄亂、槍聲，紛紛探頭觀看究竟，其中有許家親戚乃趕緊開門讓許醫生躲入。住在官舍的許醫師之大弟正擬騎車出門接大哥，聞槍聲趕到橋上，腳踏車被搶，人被押到橋下電線桿處，一名士兵解下綁腿布將他綑綁在電線桿。這時許家第三個兒子在家照看醫館，有鄉人來報知此事，乃赤腳趕往。到橋頭士兵以槍瞄準他，他急忙向橋旁民房的廊下躲避，結果仍被擊中腳踝。士兵將許醫生的大弟、二弟抓進區署，反誣他們要搶劫士兵。軍方此舉使東港地區民眾氣憤難平，擁至出事地點喧騰不已。軍方見狀，立刻釋放許醫生的兩個弟弟。此一事件發生，區署立即拘捕三名軍人到案，而軍人所屬團部層峰關心此事命予嚴辦，呈報旅部判決，主犯谷衛安判有期徒刑五年，從犯吳偉、華六福無罪。然警備總部命改判，以主犯班長谷衛安以共同殺人未遂判處死罪，褫奪公權終身；鐘久章共同殺人未遂處有期徒刑八年，褫奪公權八年；吳偉、華六福判無罪；而這兩名軍人的直屬連長雷思進、排長張德山，各予撤職處分辦理，才暫時平息民怨。然而到了民國三十六年二月，由於糧價陡漲，而奸商仍藉東港走私米糧出境，當時屏東、高雄已公告嚴禁糧食外運，而十二日竟有以三智、車成美兩米廠名義，經縣政府、縣參議會糧食局證明之白米三百多包外運，使東港民眾譁然！這時二二八事件已在台北爆發了。以上請參見許雪姬、方惠芳，民八十年八月十日，訪邱許淑霞（許清琛醫師之妹），於高雄國賓飯店；《國聲報》，民卅六年一月八日，三版；《人民導報》，民卅六年二月十八日。
502,ch02_03,同500；許雪姬、方惠芳，民八十年六月廿九日，訪陳清泉，於陳宅。
503,ch02_03,八(2)，17-2，台灣省二二八事件經過，頁七七，〈高雄縣公教人員傷亡調查表〉，黃金對肺部重傷。
504,ch02_03,林銘恩先生訪問記錄。
505,ch02_03,十六，4193-13，頁六，台灣白員因內亂涉訟一案。
506,ch02_03,同上。
507,ch02_03,"同500；陳鴻漸，〈二二八事件憶往〉,《自立早報》，民八一年二月九日，第六版。"
508,ch02_03,許雪姬、方惠芳，民八十年六月廿九日，訪姚秋冬，於姚宅。
509,ch02_03,〈黃鍾藩回憶錄〉收入陳木杉，《二二八真相探討》，無頁碼。
510,ch02_03,黃有興、陳泰安先生口述收入，《二二八事件文獻輯錄》，頁一六九；阮美姝，《幽暗角落的泣聲》，頁二八五～二八六，〈四十五年來他不回家──品田昌克醫師的抗議與悲痛〉。
511,ch02_03,台灣省警備總司令部檔案：綏靖執行及處理報告（一），頁二○。
512,ch02_03,同上。
513,ch02_03,八(2)，17-2，頁七五，黃達平，前引文。
514,ch02_03,傅緯武先生訪問記錄，收入《二二八事件文獻輯錄》，頁一七一～一七四。
515,ch02_03,鄭哲文，〈安靜的澎湖〉，《台灣二二八事件親歷記》，頁二○六。
516,ch02_03,許雪姬，民八十年八月七日、九日，訪許整景，於許宅。
517,ch02_03,許整景、傅緯武先生訪問記錄。
518,ch02_03,許雪姬，民八十年七月廿五日，訪紀淑、紀美都姊妹，於許宅。
519,ch02_03,〈馬公要塞司令部為電轉澎湖縣二二八事件暴亂分子處理情形請查照由〉，台灣省警備總司令部檔案：案犯處理(二)，頁一七八。
520,ch02_03,《台灣新生報》，民卅六年三月十六日。
521,ch02_03,同519。
522,ch02_04,〈台灣二二八事變基隆區綏靖報告書〉，台灣省警備總司令部檔案：綏靖執行及處理報告(二)，頁七九；又見《勘亂時期重要文件分案輯編》，總統府檔案：《台灣二二八事件》(下)，頁二三一，楊亮功、何漢文報告。
523,ch02_04,朱麗水談話記錄，台灣省文獻委員會編，《二二八事件文獻輯錄》，台中：該會，民八十年十一月，頁六五六。
524,ch02_04,「通報：基隆方面」，台灣省警備總司令部檔案：其他，頁四六；《台灣暴動事件紀實》，頁二○九。
525,ch02_04,台灣省警備總司令部檔案：綏靖執行及處理報告(二)，頁七九。
526,ch02_04,同上，頁七九～八○。「電報基隆執行戒嚴後之情形」，台灣省警備總司令部檔案：綏靖執行及處理報告(一)，頁九。
527,ch02_04,勁雨編，《台灣事變真相與內幕》，頁二一～二二；林木順(Ａ)，頁四六；鄧孔昭編，《二二八事件資料集》，台北，稻鄉出版社，民八十年，頁一二八。
528,ch02_04,台灣省警備總司令部檔案：綏靖執行及處理報告(二)，頁八○～八一。
529,ch02_04,《台灣省「二二八」事變記事》，頁四七。
530,ch02_04,台灣省警備總司令部檔案：綏靖執行及處理報告(二)，頁八一～八五。
531,ch02_04,台灣省警備總司令部檔案：綏靖執行及處理報告(一)，頁八七，電報尚有暴徒千餘祕集瑞芳一帶及劫奪警察所武器情形，謹電鑒核。
532,ch02_04,林啟旭，《二二八事件綜合研究》，頁七七。
533,ch02_04,"鄧孔昭編，前引書，頁一二九。Public Record Office, FO/371/63425, Messrs Jardine & Mafheson & Co.’s Agent: Summary of Events in Formosa，亦指出三月二日基隆港附近有衝突發生。"
534,ch02_04,王建生、陳婉真、陳湧泉，《一九四七台灣二二八革命》，頁一九一。
535,ch02_04,台灣省警備總司令部檔案：綏靖執行及處理報告(二)，頁八五～八六。
536,ch02_04,鄧孔昭，前引書，頁一二九。
537,ch02_04,王建生、陳婉真、陳湧泉，頁二二七。
538,ch02_04,台灣省警備總司令部檔案：綏靖執行及處理報告(二)，頁八六。
539,ch02_04,王建生、陳婉真、陳湧泉，頁二二七～二二八。
540,ch02_04,台灣省警備總司令部檔案：綏靖執行及處理報告(二)，頁八六。
541,ch02_04,台灣省警備總司令部檔案：綏靖執行及處理報告(一)，頁九○～九一，電報暴徒在各地情況。
542,ch02_04,台灣省警備總司令部檔案：綏靖執行及處理報告(二)，頁八六。
543,ch02_04,柯遠芬，〈事變十日記〉，李敖編，《二二八研究》，頁二五九。
544,ch02_04,台灣省警備總司令部檔案：綏靖執行及處理報告(二)，頁八七。
545,ch02_04,"Public Record Office, FO/371/63425, Report of British Consulate, Tamsui Formosa, March 10th, 1947."
546,ch02_04,鄧孔昭編，頁一九一～一九二。
547,ch02_04,同上，頁一二九；另見黃富三，民八十年八月廿四日，訪張桂章，於張宅。
548,ch02_04,台灣省警備總司令部檔案：綏靖執行及處理報告(二)，頁八七～八八。
549,ch02_04,《和平日報》，民卅六年三月十四日，第二版。
550,ch02_04,雅三，〈「二二八」事變的透視〉，《台灣月刊》，第六期，民卅六年四月，頁一四～一五。
551,ch02_04,何漢文，〈台灣二二八事件見聞紀略〉，鄧孔昭編，前引書，頁一八四。
552,ch02_04,陳芳明編，《台灣戰後史資料選》，台北：前衛出版社，一九九一年，頁一八二。
553,ch02_04,《大明報》，民卅六年三月五日，第一版。
554,ch02_04,《大明報》，民卅六年三月六日，第一版；《中外日報》，民卅六年三月八日，第一版；台灣省警備總司令部檔案：其他，頁八；王建生、陳婉真、陳湧泉，頁二一一。
555,ch02_04,勁雨編，頁二○；另參閱吳文星，民八十年六月十五日，訪林金春，於莊錫財宅；吳文星，民八十年八月廿三日，訪葉朝清，於葉宅；吳文星，民八十年八月廿四日，訪陳兆震，於陳宅。
556,ch02_04,許火炎先生訪問記錄，台灣省文獻委員會編，《二二八事件文獻輯錄稿》，頁五二三七。
557,ch02_04,台灣省警備總司令部檔案：其他，頁八。
558,ch02_04,台灣省文獻會編，前引書，頁五三七一。
559,ch02_04,台灣省警備總司令部檔案：其他，頁七～八。
560,ch02_04,《大明報》，民卅六年三月七日，第一版。
561,ch02_04,參閱吳文星，民八十年八月廿四日，訪白長川，於白宅；吳文星，民八十年六月十五日，訪莊錫財，於莊宅；林金春先生訪問記錄。
562,ch02_04,〈台灣省二二八暴動事件報告〉，陳芳明編，前引書，頁一八七，台北縣五名被毆傷者均不在宜蘭境內。
563,ch02_04,《台灣省「二二八」事變記事》，頁五○。
564,ch02_04,花蓮縣政府，〈花蓮縣二二八事變報告書〉，監察院，台灣省「二二八」事件經過，附件十四，頁八七、九一；勉之，〈花蓮紛擾紀實〉，鄧孔昭編，前引書，頁二二五。
565,ch02_04,同上；勁雨編，頁三八。
566,ch02_04,《民報》，民卅六年三月九日，第二版；花蓮縣政府，前引報告，頁九一、九四～九五；鄧孔昭編，頁二二五～二二六。另總統府，前引檔案，頁九六，載稱：「（四日）本市學生青年於午後召開會議，響應暴動，隨即向各機關進攻，強迫外省公職人員退出。」核與事實不符。
567,ch02_04,《民報》，民卅六年三月九日，第二版；花蓮縣政府，前引報告，頁八一～八八。
568,ch02_04,花蓮縣政府，前引報告，頁九六；鄧孔昭編，頁二二六～二二七。
569,ch02_04,花蓮縣政府，前引報告，頁九二。
570,ch02_04,花蓮縣政府，前引報告，頁九一；鄧孔昭編，頁二二七。
571,ch02_04,花蓮縣政府，前引報告，頁九二。
572,ch02_04,台灣省警備總司令部檔案：綏靖執行及處理報告(二)，頁四七。
573,ch02_04,總統府，前引檔案，頁一○九。
574,ch02_04,花蓮縣政府，前引報告，頁八八、九六；鄧孔昭編，頁二二八。
575,ch02_04,花蓮縣政府，前引報告，頁九七。
576,ch02_04,同上。
577,ch02_04,吳文星，民八十年九月廿三日，訪黃炳祥，於黃宅。
578,ch02_04,花蓮縣政府，前引報告，頁八八、九○～九一；鄧孔昭編，頁二二八。
579,ch02_04,勁雨編，頁三八。
580,ch02_04,鄧孔昭編，頁二二九。
581,ch02_04,吳文星，民八十年八月十一日，訪盧水旺，於盧宅。
582,ch02_04,花蓮縣政府，前引報告，頁八九；鄧孔昭編，頁二二九～二三○；雅三，前引文，頁七。
583,ch02_04,吳文星，民八十年十月八日，訪謝膺毅，於謝宅。
584,ch02_04,《大明報》，民卅六年三月八日，第一版；花蓮縣政府，前引報告，頁九二，謂處委會於九日宣言不獨立、不共產。
585,ch02_04,鄧孔昭編，頁二三○；花蓮縣政府，前引報告，頁九二。
586,ch02_04,鄧孔昭編，頁二三○～二三一。
587,ch02_04,《和平日報》，民卅六年三月十九日，第二版。
588,ch02_04,吳文星，民八十年七月廿八，訪林茂盛，於林宅。
589,ch02_04,吳文星，民八十年七月廿日、廿一日，訪古金龍，於古宅；吳文星，民八十年七月廿一日，訪黃景榮，於黃宅。
590,ch02_04,花蓮縣政府，前引報告，頁九○。
591,ch02_04,勁雨編，頁三八。
592,ch02_04,謝膺毅先生訪問記錄。
593,ch02_04,林茂盛先生訪問記錄。
594,ch02_04,花蓮縣政府，前引報告，頁九○。
595,ch02_04,花蓮縣政府，前引報告，頁一○二、一○四；台灣省警備總司令部檔案：綏靖執行及處理報告(二)，頁二七；雅三，前引文，頁一五。
596,ch02_04,〈台灣省二二八暴動事件報告〉，陳芳明編，頁一九○。
597,ch02_04,花蓮縣政府，前引報告，頁八九；另時人勉之，〈花蓮紛擾紀實〉一文，亦有相同的記載。
598,ch02_04,〈台灣省二二八暴動事件報告〉，陳芳明編，頁一五九。
599,ch02_04,吳文星，民八十年八月十日，訪黃福壽，於黃宅；吳文星，民八十年九月廿三日，訪黃炳祥，於黃宅；吳文星，民八十年七月廿七日，訪戴文鑑，於戴宅；吳文星，民八十年十月八日，訪謝膺毅，於謝宅；吳文星，民八十年七月廿八日，訪林茂盛，於林宅。
600,ch02_04,花蓮縣政府，前引報告，頁八九、九六；鄧孔昭編，頁二三一。
601,ch02_04,《上海大公報》，民卅六年三月十二日；花蓮縣政府，前引報告，頁八九、九八；鄧孔昭編，頁二三一。
602,ch02_04,陳芳明編，頁一九一。
603,ch02_04,總統府，前引檔案，頁一二○。
604,ch02_04,《和平日報》，民卅六年三月十九日，第二版。
605,ch02_04,《和平日報》，民卅六年三月十五日，第二版。
606,ch02_04,雅三，前引文，頁一四～一五。
607,ch02_04,《大明報》，民卅六年三月七日，第一版。
608,ch02_04,台灣省警備總司令部檔案：綏靖執行及處理報告(三)，頁一四。
609,ch02_04,同上。
610,ch02_04,吳文星，民八十年十月六日，訪黃金城，於黃宅。
611,ch02_04,同608，頁八～九。
612,ch02_04,吳文星，民八十年七月廿日，訪陳昶叶，於陳宅。
613,ch02_04,陳榮昇，〈不堪回首「二二八」〉，台灣省文獻委員會編，《二二八事件文獻輯錄》，頁五七七。
614,ch02_04,同608，頁一五。
615,ch02_04,吳文星，民八十年十月九日，訪黃金炳，於黃宅；吳文星，民八十年十月五日，訪劉清奇，於劉宅；吳文星，民八十年七月十九日，訪蘇金台，於蘇宅；黃金城訪問記錄；陳昶叶訪問記錄；陳榮昇，前引文，頁五七七。
616,ch02_04,同608，頁一八～一九。
617,ch02_04,同上，頁一五。
618,ch02_04,同上，頁二五～二七。
619,ch02_04,總統府，前引檔案(上)，頁一三五。
620,ch02_04,參閱蘇金台、陳昶叶訪問記錄；吳文星，民八十年八月四日，訪林川維，於林宅。
621,ch02_04,同608，頁一○。
622,ch02_04,同上，頁一五～二○。
623,ch02_04,同上，頁一四～一五。
624,ch02_04,勁雨編，頁三七。
625,ch02_04,吳文星，民八十年十月九日，訪韓玉照，於中央氣象局台東觀測站。
626,ch02_04,《和平日報》，民卅六年三月十五日，第二版。
627,ch02_04,同608，頁二五～二七；雅三，前引文，頁一四～一五。
